"sound.files","selec","start","end","bottom.freq","top.freq","orig.sound.file"
"master_sound_flie_frogs_OTS_2021.wav",1,1,2,1.17232545392787,2.47453101840415,"start_marker"
"master_sound_flie_frogs_OTS_2021.wav",2,2.15,2.32696145124717,0.3852,13.2878,"Hyalinobatrachium fleischmanni 1 indiv.wav_2"
"master_sound_flie_frogs_OTS_2021.wav",3,2.47696145124717,2.64482993197279,1.733188,4.332969,"D_ebracattus_GUAYACAN.wav_1036"
"master_sound_flie_frogs_OTS_2021.wav",4,2.79482993197279,2.81092970521542,0.462587,4.009091,"7437Smilisca_puma.wav_2"
"master_sound_flie_frogs_OTS_2021.wav",5,2.96092970521542,3.02814058956916,3.667663,4.269464,"O_pumilioLOSCHILES.wav_7"
"master_sound_flie_frogs_OTS_2021.wav",6,3.17814058956916,3.22979591836735,2.757485,3.472388,"P_vitattus.wav_9"
"master_sound_flie_frogs_OTS_2021.wav",7,3.37979591836735,3.3934693877551,0.424038,3.469406,"7437Smilisca_puma.wav_1054"
"master_sound_flie_frogs_OTS_2021.wav",8,3.5434693877551,3.76990929705215,0,0.9147,"L_savagei.wav_1076"
"master_sound_flie_frogs_OTS_2021.wav",9,3.91990929705215,4.07378684807256,1.733188,4.044105,"D_ebracattus_GUAYACAN.wav_1"
"master_sound_flie_frogs_OTS_2021.wav",10,4.22378684807256,4.24453514739229,0.425526,4.216579,"7437Smilisca_puma.wav_1059"
"master_sound_flie_frogs_OTS_2021.wav",11,4.39453514739229,4.43249433106576,1.925764,4.910699,"D_phlebodesRIOFRIO.wav_1038"
"master_sound_flie_frogs_OTS_2021.wav",12,4.58249433106576,4.70136054421769,0,20.5094,"Hyalinobatrachium fleischmanni 1 indiv.wav_5"
"master_sound_flie_frogs_OTS_2021.wav",13,4.85136054421769,4.86394557823129,0.696316,4.874211,"7437Smilisca_puma.wav_11"
"master_sound_flie_frogs_OTS_2021.wav",14,5.01394557823129,5.20453514739229,2.6364,19.6533,"C_crassidigitus_SANRAMON.wav_1002"
"master_sound_flie_frogs_OTS_2021.wav",15,5.35453514739229,5.36292517006803,0.308392,3.931993,"7437Smilisca_puma.wav_3"
"master_sound_flie_frogs_OTS_2021.wav",16,5.51292517006803,5.57031746031746,2.314926,3.063872,"P_vitattus.wav_1110"
"master_sound_flie_frogs_OTS_2021.wav",17,5.72031746031746,5.73333333333333,0.154196,3.199563,"7437Smilisca_puma.wav_1048"
"master_sound_flie_frogs_OTS_2021.wav",18,5.88333333333333,5.93975056689342,2.485141,3.234087,"P_vitattus.wav_1115"
"master_sound_flie_frogs_OTS_2021.wav",19,6.08975056689342,6.09510204081633,1.129306,4.152931,"D_auratus.wav_1027"
"master_sound_flie_frogs_OTS_2021.wav",20,6.24510204081633,6.29961451247166,2.519184,3.131958,"P_vitattus.wav_1112"
"master_sound_flie_frogs_OTS_2021.wav",21,6.44961451247166,6.45283446712018,1.347881,3.825068,"D_auratus.wav_1022"
"master_sound_flie_frogs_OTS_2021.wav",22,6.60283446712018,10.4133560090703,1.0592,14.9247,"P_lugubris.wav_1094"
"master_sound_flie_frogs_OTS_2021.wav",23,10.5633560090703,10.5660317460317,2.040036,3.679351,"D_auratus.wav_1025"
"master_sound_flie_frogs_OTS_2021.wav",24,10.7160317460317,10.7616099773243,0,12.6138,"D_diastemaCRUCITAS.wav_1032"
"master_sound_flie_frogs_OTS_2021.wav",25,10.9116099773243,11.1431065759637,0.481441,2.984934,"7448Smilisca_sordida.wav_1062"
"master_sound_flie_frogs_OTS_2021.wav",26,11.2931065759637,11.3504988662132,2.961743,3.472388,"P_vitattus.wav_10"
"master_sound_flie_frogs_OTS_2021.wav",27,11.5004988662132,11.6543764172336,1.733188,4.044105,"D_ebracattus_GUAYACAN.wav_1034"
"master_sound_flie_frogs_OTS_2021.wav",28,11.8043764172336,12.0316553287982,1.2517,6.355,"S_elaeochroaCRUCITAS.wav_1128"
"master_sound_flie_frogs_OTS_2021.wav",29,12.1816553287982,12.3367800453515,1.5406,16.9467,"Cochranella granulosa.wav_2"
"master_sound_flie_frogs_OTS_2021.wav",30,12.4867800453515,12.7015873015873,0,1.1073,"L_savagei.wav_1077"
"master_sound_flie_frogs_OTS_2021.wav",31,12.8515873015873,13.1222448979592,1.2036,6.018,"S_elaeochroaCRUCITAS.wav_3"
"master_sound_flie_frogs_OTS_2021.wav",32,13.2722448979592,13.3258049886621,2.58727,3.166001,"P_vitattus.wav_1114"
"master_sound_flie_frogs_OTS_2021.wav",33,13.4758049886621,13.4797278911565,0,22.05,"D_auratus.wav_1"
"master_sound_flie_frogs_OTS_2021.wav",34,13.6297278911565,13.6466439909297,1.492467,6.547598,"C_fitzingeri_SI_DOTA.wav_8"
"master_sound_flie_frogs_OTS_2021.wav",35,13.7966439909297,13.8427437641723,2.118341,5.006987,"D_phlebodesRIOFRIO.wav_9"
"master_sound_flie_frogs_OTS_2021.wav",36,13.9927437641723,17.8032653061224,1.0592,14.9247,"P_lugubris.wav_2"
"master_sound_flie_frogs_OTS_2021.wav",37,17.9532653061225,17.9969160997732,0,8.4734,"P_ridens.wav_12"
"master_sound_flie_frogs_OTS_2021.wav",38,18.1469160997732,18.4140362811791,0.674017,3.658952,"7448Smilisca_sordida.wav_1064"
"master_sound_flie_frogs_OTS_2021.wav",39,18.5640362811791,18.5786848072562,1.709116,6.186517,"C_fitzingeri_SI_DOTA.wav_1014"
"master_sound_flie_frogs_OTS_2021.wav",40,18.7286848072562,18.9043083900227,1.2999,5.681,"S_elaeochroaCRUCITAS.wav_1122"
"master_sound_flie_frogs_OTS_2021.wav",41,19.0543083900227,19.2219274376417,0,17.1393,"Cochranella granulosa.wav_3"
"master_sound_flie_frogs_OTS_2021.wav",42,19.3719274376417,19.4186848072562,0,6.2587,"P_ridens.wav_2"
"master_sound_flie_frogs_OTS_2021.wav",43,19.5686848072562,19.6414965986395,3.719908,4.232131,"O_pumilioLOSCHILES.wav_1091"
"master_sound_flie_frogs_OTS_2021.wav",44,19.7914965986395,19.8643083900227,3.719908,4.232131,"O_pumilioLOSCHILES.wav_10"
"master_sound_flie_frogs_OTS_2021.wav",45,20.0143083900227,20.0300907029478,1.203603,6.595742,"C_fitzingeri_SI_DOTA.wav_9"
"master_sound_flie_frogs_OTS_2021.wav",46,20.1800907029478,20.3706802721088,2.6364,19.6533,"C_crassidigitus_SANRAMON.wav_4"
"master_sound_flie_frogs_OTS_2021.wav",47,20.5206802721088,20.5621315192744,0,14.7321,"D_diastemaCRUCITAS.wav_3"
"master_sound_flie_frogs_OTS_2021.wav",48,20.7121315192744,20.7500907029478,2.407205,6.066157,"D_phlebodesRIOFRIO.wav_1039"
"master_sound_flie_frogs_OTS_2021.wav",49,20.9000907029478,20.9456689342404,0,14.0581,"D_diastemaCRUCITAS.wav_4"
"master_sound_flie_frogs_OTS_2021.wav",50,21.0956689342404,21.1103174603175,1.709116,6.186517,"C_fitzingeri_SI_DOTA.wav_11"
"master_sound_flie_frogs_OTS_2021.wav",51,21.2603174603175,21.6783673469388,0,4.5977,"7313Scinax_boulengeri.wav_1130"
"master_sound_flie_frogs_OTS_2021.wav",52,21.8283673469388,21.8442630385488,0,4.912895,"7437Smilisca_puma.wav_1057"
"master_sound_flie_frogs_OTS_2021.wav",53,21.9942630385488,22.2277324263039,0.8184,5.5366,"S_elaeochroaCRUCITAS.wav_4"
"master_sound_flie_frogs_OTS_2021.wav",54,22.3777324263039,22.5751247165533,0,1.1555,"L_savagei.wav_10"
"master_sound_flie_frogs_OTS_2021.wav",55,22.7251247165533,22.7412244897959,0.462587,4.009091,"7437Smilisca_puma.wav_1049"
"master_sound_flie_frogs_OTS_2021.wav",56,22.8912244897959,22.9486167800453,2.961743,3.472388,"P_vitattus.wav_1119"
"master_sound_flie_frogs_OTS_2021.wav",57,23.0986167800454,23.142925170068,1.251747,4.718122,"D_ebracattus_GUAYACAN.wav_1037"
"master_sound_flie_frogs_OTS_2021.wav",58,23.292925170068,23.4383219954649,0,17.3319,"Cochranella granulosa.wav_1018"
"master_sound_flie_frogs_OTS_2021.wav",59,23.5883219954649,23.6418820861678,2.58727,3.166001,"P_vitattus.wav_5"
"master_sound_flie_frogs_OTS_2021.wav",60,23.7918820861678,23.8375963718821,0,6.7402,"P_ridens.wav_1105"
"master_sound_flie_frogs_OTS_2021.wav",61,23.9875963718821,24.0017233560091,0.539685,3.970542,"7437Smilisca_puma.wav_1051"
"master_sound_flie_frogs_OTS_2021.wav",62,24.1517233560091,24.2189342403628,3.727843,4.329644,"O_pumilioLOSCHILES.wav_1085"
"master_sound_flie_frogs_OTS_2021.wav",63,24.3689342403628,24.6004308390023,0.096288,3.081223,"7448Smilisca_sordida.wav_1"
"master_sound_flie_frogs_OTS_2021.wav",64,24.7504308390023,24.7883900226757,2.407205,5.295852,"D_phlebodesRIOFRIO.wav_5"
"master_sound_flie_frogs_OTS_2021.wav",65,24.9383900226757,25.022380952381,3.727843,4.413896,"O_pumilioLOSCHILES.wav_2"
"master_sound_flie_frogs_OTS_2021.wav",66,25.172380952381,25.2746712018141,0,20,"Hyalinobatrachium valerioi.wav_1"
"master_sound_flie_frogs_OTS_2021.wav",67,25.4246712018141,25.4791836734694,2.519184,3.131958,"P_vitattus.wav_3"
"master_sound_flie_frogs_OTS_2021.wav",68,25.6291836734694,25.6963945578231,3.727843,4.329644,"O_pumilioLOSCHILES.wav_4"
"master_sound_flie_frogs_OTS_2021.wav",69,25.8463945578231,26.0730612244898,0.63,18.45,"C_crassidigitus_SANRAMON.wav_1"
"master_sound_flie_frogs_OTS_2021.wav",70,26.2230612244898,26.3115192743764,0,20,"Hyalinobatrachium valerioi.wav_1073"
"master_sound_flie_frogs_OTS_2021.wav",71,26.4615192743764,26.4751927437642,0.424038,3.469406,"7437Smilisca_puma.wav_7"
"master_sound_flie_frogs_OTS_2021.wav",72,26.6251927437642,26.6278684807256,1.493598,3.679351,"D_auratus.wav_3"
"master_sound_flie_frogs_OTS_2021.wav",73,26.7778684807256,26.8352607709751,2.314926,3.063872,"P_vitattus.wav_1"
"master_sound_flie_frogs_OTS_2021.wav",74,26.9852607709751,27.0010430839002,1.203603,6.595742,"C_fitzingeri_SI_DOTA.wav_1012"
"master_sound_flie_frogs_OTS_2021.wav",75,27.1510430839002,27.1754421768707,2.214629,6.258734,"D_phlebodesRIOFRIO.wav_1043"
"master_sound_flie_frogs_OTS_2021.wav",76,27.3254421768707,27.5791156462585,0.8389,19.1739,"C_crassidigitus_SANRAMON.wav_1003"
"master_sound_flie_frogs_OTS_2021.wav",77,27.7291156462585,27.7769160997732,0,6.4513,"P_ridens.wav_1101"
"master_sound_flie_frogs_OTS_2021.wav",78,27.9269160997732,27.9852607709751,2.825571,3.302173,"P_vitattus.wav_7"
"master_sound_flie_frogs_OTS_2021.wav",79,28.1352607709751,28.5533106575964,0,4.5977,"7313Scinax_boulengeri.wav_2"
"master_sound_flie_frogs_OTS_2021.wav",80,28.7033106575964,28.7058049886621,1.238593,3.970785,"D_auratus.wav_1024"
"master_sound_flie_frogs_OTS_2021.wav",81,28.8558049886621,28.9304761904762,3.732103,4.341893,"O_pumilioLOSCHILES.wav_1090"
"master_sound_flie_frogs_OTS_2021.wav",82,29.0804761904762,29.1368934240363,2.451098,3.097915,"P_vitattus.wav_1113"
"master_sound_flie_frogs_OTS_2021.wav",83,29.2868934240363,29.5540136054422,0.674017,3.658952,"7448Smilisca_sordida.wav_5"
"master_sound_flie_frogs_OTS_2021.wav",84,29.7040136054422,29.7601360544218,0,6.6439,"P_ridens.wav_8"
"master_sound_flie_frogs_OTS_2021.wav",85,29.9101360544218,29.9253741496599,0.231294,3.045367,"7437Smilisca_puma.wav_5"
"master_sound_flie_frogs_OTS_2021.wav",86,30.0753741496599,30.2785714285714,0,0.9147,"L_savagei.wav_2"
"master_sound_flie_frogs_OTS_2021.wav",87,30.4285714285714,30.4824489795918,0,15.1172,"D_diastemaCRUCITAS.wav_1029"
"master_sound_flie_frogs_OTS_2021.wav",88,30.6324489795918,30.9566666666667,1.8295,17.6207,"Cochranella granulosa.wav_1"
"master_sound_flie_frogs_OTS_2021.wav",89,31.1066666666667,31.1554875283447,2.118341,5.681004,"D_phlebodesRIOFRIO.wav_1044"
"master_sound_flie_frogs_OTS_2021.wav",90,31.3054875283447,31.4180952380952,0,20.2205,"Hyalinobatrachium fleischmanni 1 indiv.wav_3"
"master_sound_flie_frogs_OTS_2021.wav",91,31.5680952380952,31.5838775510204,1.396179,6.595742,"C_fitzingeri_SI_DOTA.wav_4"
"master_sound_flie_frogs_OTS_2021.wav",92,31.7338775510204,35.8253514739229,1.348,14.1544,"P_lugubris.wav_1093"
"master_sound_flie_frogs_OTS_2021.wav",93,35.9753514739229,36.2108843537415,1.2999,5.1996,"S_elaeochroaCRUCITAS.wav_1125"
"master_sound_flie_frogs_OTS_2021.wav",94,36.3608843537415,36.3766666666667,1.396179,6.595742,"C_fitzingeri_SI_DOTA.wav_1007"
"master_sound_flie_frogs_OTS_2021.wav",95,36.5266666666667,36.7533333333333,0.63,18.45,"C_crassidigitus_SANRAMON.wav_1001"
"master_sound_flie_frogs_OTS_2021.wav",96,36.9033333333333,37.0802947845805,0.3852,13.2878,"Hyalinobatrachium fleischmanni 1 indiv.wav_1068"
"master_sound_flie_frogs_OTS_2021.wav",97,37.2302947845805,37.3012244897959,3.695516,4.29311,"O_pumilioLOSCHILES.wav_11"
"master_sound_flie_frogs_OTS_2021.wav",98,37.4512244897959,37.52589569161,3.667663,4.413896,"O_pumilioLOSCHILES.wav_3"
"master_sound_flie_frogs_OTS_2021.wav",99,37.67589569161,37.69179138322,0,4.912895,"7437Smilisca_puma.wav_10"
"master_sound_flie_frogs_OTS_2021.wav",100,37.84179138322,38.0773242630385,1.2999,5.1996,"S_elaeochroaCRUCITAS.wav_5"
"master_sound_flie_frogs_OTS_2021.wav",101,38.2273242630385,42.318798185941,1.348,14.1544,"P_lugubris.wav_1"
"master_sound_flie_frogs_OTS_2021.wav",102,42.468798185941,42.534126984127,3.655627,4.2815,"O_pumilioLOSCHILES.wav_1087"
"master_sound_flie_frogs_OTS_2021.wav",103,42.684126984127,42.7246485260771,0,9.1474,"P_ridens.wav_1109"
"master_sound_flie_frogs_OTS_2021.wav",104,42.8746485260771,42.8785714285714,0,22.05,"D_auratus.wav_1019"
"master_sound_flie_frogs_OTS_2021.wav",105,43.0285714285714,43.0426984126984,0.539685,3.970542,"7437Smilisca_puma.wav_4"
"master_sound_flie_frogs_OTS_2021.wav",106,43.1926984126984,43.261768707483,3.763951,4.245392,"O_pumilioLOSCHILES.wav_5"
"master_sound_flie_frogs_OTS_2021.wav",107,43.411768707483,43.6499546485261,0.866594,3.947817,"7448Smilisca_sordida.wav_4"
"master_sound_flie_frogs_OTS_2021.wav",108,43.7999546485261,43.8112244897959,1.468395,5.199563,"C_fitzingeri_SI_DOTA.wav_1005"
"master_sound_flie_frogs_OTS_2021.wav",109,43.9612244897959,43.9770068027211,1.540611,6.884607,"C_fitzingeri_SI_DOTA.wav_1009"
"master_sound_flie_frogs_OTS_2021.wav",110,44.1270068027211,44.1296825396825,1.238593,3.533634,"D_auratus.wav_5"
"master_sound_flie_frogs_OTS_2021.wav",111,44.2796825396825,44.3040816326531,2.214629,6.258734,"D_phlebodesRIOFRIO.wav_6"
"master_sound_flie_frogs_OTS_2021.wav",112,44.4540816326531,44.4698639455782,1.540611,6.884607,"C_fitzingeri_SI_DOTA.wav_6"
"master_sound_flie_frogs_OTS_2021.wav",113,44.6198639455782,44.8375963718821,0,1.1073,"L_savagei.wav_5"
"master_sound_flie_frogs_OTS_2021.wav",114,44.9875963718821,45.0342176870748,1.540611,4.332969,"D_ebracattus_GUAYACAN.wav_1035"
"master_sound_flie_frogs_OTS_2021.wav",115,45.1842176870748,45.2301360544218,2.655356,3.472388,"P_vitattus.wav_1117"
"master_sound_flie_frogs_OTS_2021.wav",116,45.3801360544218,45.3925396825397,0.842522,5.288796,"C_fitzingeri_SI_DOTA.wav_1004"
"master_sound_flie_frogs_OTS_2021.wav",117,45.5425396825397,45.5913605442177,2.118341,5.681004,"D_phlebodesRIOFRIO.wav_7"
"master_sound_flie_frogs_OTS_2021.wav",118,45.7413605442177,45.7874603174603,1.925764,6.740175,"D_phlebodesRIOFRIO.wav_4"
"master_sound_flie_frogs_OTS_2021.wav",119,45.9374603174603,45.9503628117914,0,3.395656,"7437Smilisca_puma.wav_9"
"master_sound_flie_frogs_OTS_2021.wav",120,46.1003628117914,46.1383219954649,2.407205,6.066157,"D_phlebodesRIOFRIO.wav_2"
"master_sound_flie_frogs_OTS_2021.wav",121,46.2883219954649,46.390612244898,0,20,"Hyalinobatrachium valerioi.wav_1072"
"master_sound_flie_frogs_OTS_2021.wav",122,46.540612244898,46.5989569160998,2.825571,3.302173,"P_vitattus.wav_1116"
"master_sound_flie_frogs_OTS_2021.wav",123,46.7489569160998,46.7926077097506,0,8.4734,"P_ridens.wav_1106"
"master_sound_flie_frogs_OTS_2021.wav",124,46.9426077097506,46.9887074829932,2.118341,5.006987,"D_phlebodesRIOFRIO.wav_1046"
"master_sound_flie_frogs_OTS_2021.wav",125,47.1387074829932,47.3360997732426,0,1.1555,"L_savagei.wav_1081"
"master_sound_flie_frogs_OTS_2021.wav",126,47.4860997732426,47.5234013605442,0,15.8876,"D_diastemaCRUCITAS.wav_1033"
"master_sound_flie_frogs_OTS_2021.wav",127,47.6734013605442,47.740612244898,3.715807,4.317608,"O_pumilioLOSCHILES.wav_8"
"master_sound_flie_frogs_OTS_2021.wav",128,47.890612244898,47.9052607709751,1.203603,6.595742,"C_fitzingeri_SI_DOTA.wav_7"
"master_sound_flie_frogs_OTS_2021.wav",129,48.0552607709751,48.2613605442177,0,1.1073,"L_savagei.wav_1079"
"master_sound_flie_frogs_OTS_2021.wav",130,48.4113605442177,48.6495464852608,0.866594,3.947817,"7448Smilisca_sordida.wav_1063"
"master_sound_flie_frogs_OTS_2021.wav",131,48.7995464852608,48.8320861678005,2.214629,4.910699,"D_phlebodesRIOFRIO.wav_1045"
"master_sound_flie_frogs_OTS_2021.wav",132,48.9820861678005,49.0340362811791,0.3852,6.1624,"P_ridens.wav_1095"
"master_sound_flie_frogs_OTS_2021.wav",133,49.1840362811791,49.612335600907,0,4.973,"7313Scinax_boulengeri.wav_1129"
"master_sound_flie_frogs_OTS_2021.wav",134,49.762335600907,49.811156462585,1.733188,5.681004,"D_phlebodesRIOFRIO.wav_1047"
"master_sound_flie_frogs_OTS_2021.wav",135,49.961156462585,49.9739455782313,0.346941,4.240385,"7437Smilisca_puma.wav_1055"
"master_sound_flie_frogs_OTS_2021.wav",136,50.1239455782313,50.368798185941,1.251747,3.75524,"7448Smilisca_sordida.wav_1061"
"master_sound_flie_frogs_OTS_2021.wav",137,50.518798185941,50.5313832199546,0.696316,4.874211,"7437Smilisca_puma.wav_1058"
"master_sound_flie_frogs_OTS_2021.wav",138,50.6813832199546,50.8962585034014,0.8666,5.3921,"S_elaeochroaCRUCITAS.wav_7"
"master_sound_flie_frogs_OTS_2021.wav",139,51.0462585034014,51.0489342403628,2.040036,3.679351,"D_auratus.wav_7"
"master_sound_flie_frogs_OTS_2021.wav",140,51.1989342403628,51.2524943310658,2.14471,3.029829,"P_vitattus.wav_2"
"master_sound_flie_frogs_OTS_2021.wav",141,51.4024943310658,51.4513151927438,1.733188,5.681004,"D_phlebodesRIOFRIO.wav_10"
"master_sound_flie_frogs_OTS_2021.wav",142,51.6013151927438,51.8161224489796,0,1.1073,"L_savagei.wav_4"
"master_sound_flie_frogs_OTS_2021.wav",143,51.9661224489796,52.0139229024943,0,6.4513,"P_ridens.wav_7"
"master_sound_flie_frogs_OTS_2021.wav",144,52.1639229024943,52.1842176870748,0.914738,6.403166,"C_fitzingeri_SI_DOTA.wav_5"
"master_sound_flie_frogs_OTS_2021.wav",145,52.3342176870748,52.4088888888889,3.667663,4.413896,"O_pumilioLOSCHILES.wav_1084"
"master_sound_flie_frogs_OTS_2021.wav",146,52.5588888888889,52.6150113378685,0,6.6439,"P_ridens.wav_1102"
"master_sound_flie_frogs_OTS_2021.wav",147,52.7650113378685,53.0892290249433,1.8295,17.6207,"Cochranella granulosa.wav_1015"
"master_sound_flie_frogs_OTS_2021.wav",148,53.2392290249433,53.2891156462585,0,6.7402,"P_ridens.wav_6"
"master_sound_flie_frogs_OTS_2021.wav",149,53.4391156462585,53.4796371882086,0,6.2587,"P_ridens.wav_3"
"master_sound_flie_frogs_OTS_2021.wav",150,53.6296371882086,53.6465532879819,1.492467,6.547598,"C_fitzingeri_SI_DOTA.wav_1011"
"master_sound_flie_frogs_OTS_2021.wav",151,53.7965532879819,53.812335600907,1.685044,6.547598,"C_fitzingeri_SI_DOTA.wav_10"
"master_sound_flie_frogs_OTS_2021.wav",152,53.962335600907,54.008253968254,2.655356,3.472388,"P_vitattus.wav_8"
"master_sound_flie_frogs_OTS_2021.wav",153,54.158253968254,54.1614739229025,1.347881,3.825068,"D_auratus.wav_4"
"master_sound_flie_frogs_OTS_2021.wav",154,54.3114739229025,54.349433106576,1.925764,4.910699,"D_phlebodesRIOFRIO.wav_1"
"master_sound_flie_frogs_OTS_2021.wav",155,54.499433106576,54.5367346938775,0,15.8876,"D_diastemaCRUCITAS.wav_9"
"master_sound_flie_frogs_OTS_2021.wav",156,54.6867346938776,54.6906575963719,1.129306,3.897926,"D_auratus.wav_1026"
"master_sound_flie_frogs_OTS_2021.wav",157,54.8406575963719,55.0968480725624,0.9147,6.355,"S_elaeochroaCRUCITAS.wav_6"
"master_sound_flie_frogs_OTS_2021.wav",158,55.2468480725624,55.2695691609977,0.115647,3.199563,"7437Smilisca_puma.wav_1053"
"master_sound_flie_frogs_OTS_2021.wav",159,55.4195691609977,55.4610204081633,0,14.7321,"D_diastemaCRUCITAS.wav_1030"
"master_sound_flie_frogs_OTS_2021.wav",160,55.6110204081633,55.6136961451247,1.493598,3.679351,"D_auratus.wav_1021"
"master_sound_flie_frogs_OTS_2021.wav",161,55.7636961451247,55.7962358276644,2.214629,4.910699,"D_phlebodesRIOFRIO.wav_8"
"master_sound_flie_frogs_OTS_2021.wav",162,55.9462358276644,56.1013605442177,1.5406,16.9467,"Cochranella granulosa.wav_1016"
"master_sound_flie_frogs_OTS_2021.wav",163,56.2513605442177,56.3353514739229,3.727843,4.413896,"O_pumilioLOSCHILES.wav_1083"
"master_sound_flie_frogs_OTS_2021.wav",164,56.4853514739229,56.5309297052154,0,12.6138,"D_diastemaCRUCITAS.wav_5"
"master_sound_flie_frogs_OTS_2021.wav",165,56.6809297052154,56.7348072562358,0,15.1172,"D_diastemaCRUCITAS.wav_1"
"master_sound_flie_frogs_OTS_2021.wav",166,56.8848072562358,57.0524263038549,0,17.1393,"Cochranella granulosa.wav_1017"
"master_sound_flie_frogs_OTS_2021.wav",167,57.2024263038549,57.242947845805,0,9.1474,"P_ridens.wav_15"
"master_sound_flie_frogs_OTS_2021.wav",168,57.392947845805,57.4386621315193,0,6.7402,"P_ridens.wav_11"
"master_sound_flie_frogs_OTS_2021.wav",169,57.5886621315193,57.8713605442177,0.577729,3.75524,"7448Smilisca_sordida.wav_1065"
"master_sound_flie_frogs_OTS_2021.wav",170,58.0213605442177,58.0268934240363,1.129306,4.116501,"D_auratus.wav_10"
"master_sound_flie_frogs_OTS_2021.wav",171,58.1768934240363,58.1892970521542,0.842522,5.288796,"C_fitzingeri_SI_DOTA.wav_1"
"master_sound_flie_frogs_OTS_2021.wav",172,58.3392970521542,58.3909523809524,2.757485,3.472388,"P_vitattus.wav_1118"
"master_sound_flie_frogs_OTS_2021.wav",173,58.5409523809524,58.5434467120181,1.238593,3.970785,"D_auratus.wav_6"
"master_sound_flie_frogs_OTS_2021.wav",174,58.6934467120181,58.8966439909297,0,1.0592,"L_savagei.wav_9"
"master_sound_flie_frogs_OTS_2021.wav",175,59.0466439909297,59.3003174603175,0.8389,19.1739,"C_crassidigitus_SANRAMON.wav_5"
"master_sound_flie_frogs_OTS_2021.wav",176,59.4503174603175,59.497074829932,0,6.2587,"P_ridens.wav_1096"
"master_sound_flie_frogs_OTS_2021.wav",177,59.647074829932,59.7180045351474,3.695516,4.29311,"O_pumilioLOSCHILES.wav_1092"
"master_sound_flie_frogs_OTS_2021.wav",178,59.8680045351474,59.980612244898,0,19.0651,"Hyalinobatrachium fleischmanni 1 indiv.wav_1070"
"master_sound_flie_frogs_OTS_2021.wav",179,60.130612244898,60.1700907029478,0,8.6659,"P_ridens.wav_13"
"master_sound_flie_frogs_OTS_2021.wav",180,60.3200907029478,60.4085487528345,0,20,"Hyalinobatrachium valerioi.wav_2"
"master_sound_flie_frogs_OTS_2021.wav",181,60.5585487528345,60.7424263038549,0.7703,5.9699,"S_elaeochroaCRUCITAS.wav_1"
"master_sound_flie_frogs_OTS_2021.wav",182,60.8924263038549,60.9151473922903,0.115647,3.199563,"7437Smilisca_puma.wav_6"
"master_sound_flie_frogs_OTS_2021.wav",183,61.0651473922902,61.2915873015873,0,0.9147,"L_savagei.wav_3"
"master_sound_flie_frogs_OTS_2021.wav",184,61.4415873015873,61.6447845804989,0,0.9147,"L_savagei.wav_1075"
"master_sound_flie_frogs_OTS_2021.wav",185,61.7947845804989,62.0396371882086,1.251747,3.75524,"7448Smilisca_sordida.wav_2"
"master_sound_flie_frogs_OTS_2021.wav",186,62.1896371882086,62.1917233560091,10.2066,10.7843,"P_ridens.wav_9"
"master_sound_flie_frogs_OTS_2021.wav",187,62.3417233560091,62.4543310657596,0,20.2205,"Hyalinobatrachium fleischmanni 1 indiv.wav_1069"
"master_sound_flie_frogs_OTS_2021.wav",188,62.6043310657596,62.6189795918367,1.323963,4.886627,"C_fitzingeri_SI_DOTA.wav_3"
"master_sound_flie_frogs_OTS_2021.wav",189,62.7689795918367,62.7897278911565,0.425526,4.216579,"7437Smilisca_puma.wav_12"
"master_sound_flie_frogs_OTS_2021.wav",190,62.9397278911565,62.9858276643991,1.925764,6.740175,"D_phlebodesRIOFRIO.wav_1041"
"master_sound_flie_frogs_OTS_2021.wav",191,63.1358276643991,63.356462585034,0,1.2036,"L_savagei.wav_1"
"master_sound_flie_frogs_OTS_2021.wav",192,63.506462585034,63.5532199546485,0,6.6439,"P_ridens.wav_1098"
"master_sound_flie_frogs_OTS_2021.wav",193,63.7032199546485,63.959410430839,0.9147,6.355,"S_elaeochroaCRUCITAS.wav_1126"
"master_sound_flie_frogs_OTS_2021.wav",194,64.109410430839,64.2863718820862,0,16.8504,"Hyalinobatrachium fleischmanni 1 indiv.wav_1067"
"master_sound_flie_frogs_OTS_2021.wav",195,64.4363718820862,64.6395691609977,0,1.0592,"L_savagei.wav_1080"
"master_sound_flie_frogs_OTS_2021.wav",196,64.7895691609977,65.05,0.770306,3.562664,"7448Smilisca_sordida.wav_1066"
"master_sound_flie_frogs_OTS_2021.wav",197,65.2,65.2519501133787,0.3852,6.1624,"P_ridens.wav_1"
"master_sound_flie_frogs_OTS_2021.wav",198,65.4019501133787,65.6726077097506,1.2036,6.018,"S_elaeochroaCRUCITAS.wav_1123"
"master_sound_flie_frogs_OTS_2021.wav",199,65.8226077097506,65.8704308390023,2.655356,3.438345,"P_vitattus.wav_11"
"master_sound_flie_frogs_OTS_2021.wav",200,66.0204308390023,66.0895011337869,3.763951,4.245392,"O_pumilioLOSCHILES.wav_1086"
"master_sound_flie_frogs_OTS_2021.wav",201,66.2395011337868,66.2769160997732,0,6.5476,"P_ridens.wav_1099"
"master_sound_flie_frogs_OTS_2021.wav",202,66.4269160997732,66.6446485260771,0,1.1073,"L_savagei.wav_1078"
"master_sound_flie_frogs_OTS_2021.wav",203,66.7946485260771,67.0219274376417,1.2517,6.355,"S_elaeochroaCRUCITAS.wav_8"
"master_sound_flie_frogs_OTS_2021.wav",204,67.1719274376417,67.3475510204082,1.2999,5.681,"S_elaeochroaCRUCITAS.wav_2"
"master_sound_flie_frogs_OTS_2021.wav",205,67.4975510204082,67.6101587301587,0,19.0651,"Hyalinobatrachium fleischmanni 1 indiv.wav_4"
"master_sound_flie_frogs_OTS_2021.wav",206,67.7601587301587,67.9807936507937,0,1.2036,"L_savagei.wav_1074"
"master_sound_flie_frogs_OTS_2021.wav",207,68.1307936507936,68.1961224489796,3.655627,4.2815,"O_pumilioLOSCHILES.wav_6"
"master_sound_flie_frogs_OTS_2021.wav",208,68.3461224489796,68.5230839002268,0,16.8504,"Hyalinobatrachium fleischmanni 1 indiv.wav_1"
"master_sound_flie_frogs_OTS_2021.wav",209,68.6730839002268,68.6883219954648,0.231294,3.045367,"7437Smilisca_puma.wav_1052"
"master_sound_flie_frogs_OTS_2021.wav",210,68.8383219954649,68.8947392290249,2.485141,3.234087,"P_vitattus.wav_6"
"master_sound_flie_frogs_OTS_2021.wav",211,69.0447392290249,69.059387755102,1.203603,6.595742,"C_fitzingeri_SI_DOTA.wav_1010"
"master_sound_flie_frogs_OTS_2021.wav",212,69.209387755102,69.2133106575964,1.129306,3.897926,"D_auratus.wav_8"
"master_sound_flie_frogs_OTS_2021.wav",213,69.3633106575964,69.569410430839,0,1.1073,"L_savagei.wav_7"
"master_sound_flie_frogs_OTS_2021.wav",214,69.719410430839,70.0021088435374,0.577729,3.75524,"7448Smilisca_sordida.wav_6"
"master_sound_flie_frogs_OTS_2021.wav",215,70.1521088435374,70.1651247165533,0.154196,3.199563,"7437Smilisca_puma.wav_1"
"master_sound_flie_frogs_OTS_2021.wav",216,70.3151247165533,70.3186848072562,2.404328,3.533634,"D_auratus.wav_2"
"master_sound_flie_frogs_OTS_2021.wav",217,70.4686848072562,70.5129931972789,1.251747,4.718122,"D_ebracattus_GUAYACAN.wav_4"
"master_sound_flie_frogs_OTS_2021.wav",218,70.6629931972789,70.7108163265306,2.655356,3.438345,"P_vitattus.wav_1120"
"master_sound_flie_frogs_OTS_2021.wav",219,70.8608163265306,70.8661678004535,1.129306,4.152931,"D_auratus.wav_9"
"master_sound_flie_frogs_OTS_2021.wav",220,71.0161678004535,71.1350340136054,0,20.5094,"Hyalinobatrachium fleischmanni 1 indiv.wav_1071"
"master_sound_flie_frogs_OTS_2021.wav",221,71.2850340136054,71.4304308390023,0,17.3319,"Cochranella granulosa.wav_4"
"master_sound_flie_frogs_OTS_2021.wav",222,71.5804308390023,71.5950793650794,1.323963,4.886627,"C_fitzingeri_SI_DOTA.wav_1006"
"master_sound_flie_frogs_OTS_2021.wav",223,71.7450793650794,71.7653741496599,0.914738,6.403166,"C_fitzingeri_SI_DOTA.wav_1008"
"master_sound_flie_frogs_OTS_2021.wav",224,71.9153741496599,71.95589569161,0,6.2587,"P_ridens.wav_1097"
"master_sound_flie_frogs_OTS_2021.wav",225,72.10589569161,72.1495464852608,0,8.9548,"P_ridens.wav_14"
"master_sound_flie_frogs_OTS_2021.wav",226,72.2995464852608,72.3559637188209,2.451098,3.097915,"P_vitattus.wav_4"
"master_sound_flie_frogs_OTS_2021.wav",227,72.5059637188209,72.5080498866213,10.2066,10.7843,"P_ridens.wav_1103"
"master_sound_flie_frogs_OTS_2021.wav",228,72.6580498866213,72.8895464852608,0.481441,2.984934,"7448Smilisca_sordida.wav_3"
"master_sound_flie_frogs_OTS_2021.wav",229,73.0395464852608,73.0422222222222,1.238593,3.533634,"D_auratus.wav_1023"
"master_sound_flie_frogs_OTS_2021.wav",230,73.1922222222222,73.2457823129252,2.14471,3.029829,"P_vitattus.wav_1111"
"master_sound_flie_frogs_OTS_2021.wav",231,73.3957823129252,73.4331972789116,0,6.5476,"P_ridens.wav_5"
"master_sound_flie_frogs_OTS_2021.wav",232,73.5831972789116,73.7510657596372,1.733188,4.332969,"D_ebracattus_GUAYACAN.wav_3"
"master_sound_flie_frogs_OTS_2021.wav",233,73.9010657596372,74.1325623582766,0.096288,3.081223,"7448Smilisca_sordida.wav_1060"
"master_sound_flie_frogs_OTS_2021.wav",234,74.2825623582766,74.3497732426304,3.715807,4.317608,"O_pumilioLOSCHILES.wav_1089"
"master_sound_flie_frogs_OTS_2021.wav",235,74.4997732426304,74.7146485260771,0.8666,5.3921,"S_elaeochroaCRUCITAS.wav_1127"
"master_sound_flie_frogs_OTS_2021.wav",236,74.8646485260771,74.9067346938776,0,7.6068,"P_ridens.wav_1104"
"master_sound_flie_frogs_OTS_2021.wav",237,75.0567346938775,75.1314058956916,3.732103,4.341893,"O_pumilioLOSCHILES.wav_9"
"master_sound_flie_frogs_OTS_2021.wav",238,75.2814058956916,75.3085260770975,2.214629,4.81441,"D_phlebodesRIOFRIO.wav_3"
"master_sound_flie_frogs_OTS_2021.wav",239,75.4585260770975,75.5403628117914,3.703771,4.353716,"O_pumilioLOSCHILES.wav_1082"
"master_sound_flie_frogs_OTS_2021.wav",240,75.6903628117914,75.7371201814059,0,6.6439,"P_ridens.wav_4"
"master_sound_flie_frogs_OTS_2021.wav",241,75.8871201814059,75.9250793650794,2.407205,5.295852,"D_phlebodesRIOFRIO.wav_1042"
"master_sound_flie_frogs_OTS_2021.wav",242,76.0750793650794,76.1569160997732,3.703771,4.353716,"O_pumilioLOSCHILES.wav_1"
"master_sound_flie_frogs_OTS_2021.wav",243,76.3069160997732,76.7352154195011,0,4.973,"7313Scinax_boulengeri.wav_1"
"master_sound_flie_frogs_OTS_2021.wav",244,76.8852154195011,76.9009977324263,1.685044,6.547598,"C_fitzingeri_SI_DOTA.wav_1013"
"master_sound_flie_frogs_OTS_2021.wav",245,77.0509977324263,77.1008843537415,0,6.7402,"P_ridens.wav_1100"
"master_sound_flie_frogs_OTS_2021.wav",246,77.2508843537415,77.296462585034,0,14.0581,"D_diastemaCRUCITAS.wav_1031"
"master_sound_flie_frogs_OTS_2021.wav",247,77.446462585034,77.4593650793651,0,3.395656,"7437Smilisca_puma.wav_1056"
"master_sound_flie_frogs_OTS_2021.wav",248,77.6093650793651,77.6559863945578,1.540611,4.332969,"D_ebracattus_GUAYACAN.wav_2"
"master_sound_flie_frogs_OTS_2021.wav",249,77.8059863945578,77.8731972789116,3.667663,4.269464,"O_pumilioLOSCHILES.wav_1088"
"master_sound_flie_frogs_OTS_2021.wav",250,78.0231972789116,78.0267573696145,2.404328,3.533634,"D_auratus.wav_1020"
"master_sound_flie_frogs_OTS_2021.wav",251,78.1767573696145,78.2162358276644,0,8.6659,"P_ridens.wav_1107"
"master_sound_flie_frogs_OTS_2021.wav",252,78.3662358276644,78.5997052154195,0.8184,5.5366,"S_elaeochroaCRUCITAS.wav_1124"
"master_sound_flie_frogs_OTS_2021.wav",253,78.7497052154195,78.7609750566893,1.468395,5.199563,"C_fitzingeri_SI_DOTA.wav_2"
"master_sound_flie_frogs_OTS_2021.wav",254,78.9109750566893,78.9380952380952,2.214629,4.81441,"D_phlebodesRIOFRIO.wav_1040"
"master_sound_flie_frogs_OTS_2021.wav",255,79.0880952380952,79.3485260770975,0.770306,3.562664,"7448Smilisca_sordida.wav_7"
"master_sound_flie_frogs_OTS_2021.wav",256,79.4985260770975,79.5069160997732,0.308392,3.931993,"7437Smilisca_puma.wav_1050"
"master_sound_flie_frogs_OTS_2021.wav",257,79.6569160997732,79.8407936507936,0.7703,5.9699,"S_elaeochroaCRUCITAS.wav_1121"
"master_sound_flie_frogs_OTS_2021.wav",258,79.9907936507936,80.0035827664399,0.346941,4.240385,"7437Smilisca_puma.wav_8"
"master_sound_flie_frogs_OTS_2021.wav",259,80.1535827664399,80.1972335600907,0,8.9548,"P_ridens.wav_1108"
"master_sound_flie_frogs_OTS_2021.wav",260,80.3472335600907,80.3893197278911,0,7.6068,"P_ridens.wav_10"
"master_sound_flie_frogs_OTS_2021.wav",261,80.5393197278912,80.5448526077097,1.129306,4.116501,"D_auratus.wav_1028"
"master_sound_flie_frogs_OTS_2021.wav",262,80.6948526077097,81.6948526077097,1.17232545392787,2.64815842700099,"end_marker"
